Mason,111,2020-1,1/12/2020,11492,12,60,14.5,POINT (-61.75 -44.75)
Mason,111,2020-1,1/13/2020,10582,12,60,14.5,POINT (-61.75 -44.75)
Mason,111,2020-1,1/18/2020,21164,12,60,13.5,POINT (-63.75 -44.75)
Mason,111,2020-1,1/19/2020,18980,12,60,14,POINT (-63.75 -44.75)
Mason,111,2020-1,1/20/2020,16796,12,60,13.7,POINT (-63.75 -44.75)
Mason,111,2020-1,1/21/2020,13026,12,60,13.7,POINT (-63.75 -44.75)
Mason,111,2020-1,1/22/2020,3094,12,60,14.3,POINT (-63.75 -44.75)
Mason,111,2020-1,1/23/2020,22100,12,60,14.3,POINT (-62.25 -44.75)
Mason,111,2020-1,1/24/2020,16796,12,60,12.7,POINT (-63.25 -45.25)
Mason,111,2020-1,1/25/2020,16796,12,60,14.8,POINT (-62.25 -45.25)
Mason,111,2020-1,1/26/2020,18356,12,60,14,POINT (-62.25 -45.75)
Mason,111,2020-1,1/27/2020,8294,12,60,14.4,POINT (-62.25 -45.75)
Mason,111,2020-1,1/28/2020,6188,12,60,14.7,POINT (-62.25 -44.75)
Mason,111,2020-1,1/29/2020,22750,12,60,14.5,POINT (-61.75 -44.75)
Mason,111,2020-2,2/2/2020,5746,12,60,15.4,POINT (-61.75 -44.75)
Mason,111,2020-2,2/3/2020,19188,12,60,14.8,POINT (-62.25 -45.25)
Mason,111,2020-2,2/4/2020,18850,12,60,15.1,POINT (-62.25 -45.25)
Mason,111,2020-2,2/5/2020,11622,12,60,15.2,POINT (-62.25 -45.25)
Mason,111,2020-2,2/6/2020,18850,12,60,15.5,POINT (-62.25 -45.25)
Mason,111,2020-2,2/7/2020,18902,12,60,15.1,POINT (-62.25 -45.25)
Mason,111,2020-2,2/8/2020,16094,12,60,15.1,POINT (-62.25 -45.25)
Mason,111,2020-2,2/9/2020,21112,12,60,15.4,POINT (-62.25 -45.25)
Mason,111,2020-2,2/10/2020,16692,12,60,15.4,POINT (-62.25 -45.25)
Mason,111,2020-2,2/11/2020,17602,12,60,15.8,POINT (-62.25 -45.25)
Mason,111,2020-2,2/12/2020,12090,12,60,15.7,POINT (-62.25 -45.25)
Mason,111,2020-2,2/13/2020,16744,12,60,15.9,POINT (-62.25 -45.25)
Mason,111,2020-2,2/14/2020,11544,12,60,15.8,POINT (-62.25 -45.25)
Mason,111,2020-2,2/15/2020,13676,12,60,16,POINT (-62.75 -45.25)
Mason,111,2020-3,2/19/2020,20540,12,60,16.4,POINT (-62.75 -44.75)
Mason,111,2020-3,2/22/2020,15730,12,60,15.4,POINT (-62.75 -44.75)
Mason,111,2020-3,2/23/2020,16588,12,60,15.1,POINT (-62.75 -45.25)
Mason,111,2020-3,2/24/2020,16796,12,60,15.5,POINT (-62.75 -45.25)
Mason,111,2020-3,2/25/2020,7592,12,60,14.9,POINT (-62.75 -45.25)
Mason,111,2020-3,2/26/2020,7956,12,60,14.8,POINT (-62.75 -44.75)
Mason,111,2020-3,2/27/2020,6084,12,60,16.1,POINT (-63.75 -44.75)
Mason,111,2020-3,2/28/2020,624,12,60,16.1,POINT (-62.75 -48.25)
Mason,111,2020-3,2/29/2020,4082,12,60,15.3,POINT (-62.75 -45.75)
Mason,111,2020-3,3/1/2020,2262,12,60,15.5,POINT (-62.75 -45.75)
Mason,111,2020-3,3/2/2020,13702,12,60,16,POINT (-62.75 -45.25)
Mason,111,2020-4,3/5/2020,468,12,60,17.5,POINT (-63.75 -44.25)
Mason,111,2020-4,3/6/2020,2080,12,60,15.9,POINT (-62.75 -45.25)
Mason,111,2020-4,3/9/2020,156,12,60,16.4,POINT (-63.75 -44.75)
Mason,111,2020-4,3/10/2020,1170,12,60,15.9,POINT (-62.75 -45.75)
Mason,111,2020-4,3/11/2020,494,12,60,16.4,POINT (-62.75 -44.75)
Mason,111,2020-4,3/12/2020,702,12,60,13.3,POINT (-61.25 -46.75)
Mason,111,2020-4,3/13/2020,1378,12,60,11.7,POINT (-60.75 -47.75)
Mason,111,2020-4,3/14/2020,8034,12,60,11.8,POINT (-60.75 -47.75)
Mason,111,2020-4,3/15/2020,4680,12,60,11.8,POINT (-60.75 -47.75)
Mason,111,2020-4,3/16/2020,2886,12,60,11.8,POINT (-60.75 -48.25)
Mason,111,2020-4,3/20/2020,5668,12,60,11.4,POINT (-60.75 -47.25)
Mason,111,2020-4,3/21/2020,9880,12,60,12.5,POINT (-60.75 -47.25)
Mason,111,2020-4,3/22/2020,4680,12,60,12.1,POINT (-60.75 -47.25)
Mason,111,2020-4,3/26/2020,3484,12,60,11.7,POINT (-60.75 -47.25)
Mason,111,2020-4,3/28/2020,1560,7,60,12.6,POINT (-59.75 -44.25)
Mason,111,2020-4,3/30/2020,2522,12,60,12.8,POINT (-59.75 -43.75)
Mason,111,2020-4,3/31/2020,23530,12,60,12.5,POINT (-59.75 -44.25)
Mason,111,2020-4,4/1/2020,4680,12,60,13.1,POINT (-59.75 -44.25)
Mason,111,2020-4,4/3/2020,23660,12,60,12.6,POINT (-58.25 -42.25)
Mason,111,2020-4,4/4/2020,12012,12,60,13.8,POINT (-58.25 -42.25)
Mason,111,2020-4,4/5/2020,25194,12,60,12.8,POINT (-57.75 -41.75)
Mason,111,2020-4,4/6/2020,18850,12,60,13.5,POINT (-57.75 -41.25)
Mason,111,2020-4,4/7/2020,20566,12,60,13.5,POINT (-57.25 -41.25)
Mason,111,2020-4,4/8/2020,14274,12,60,10.9,POINT (-57.25 -41.25)
Mason,111,2020-4,4/9/2020,22724,12,60,11.2,POINT (-57.75 -41.75)
Mason,111,2020-5,4/16/2020,18980,12,60,12.5,POINT (-57.25 -41.25)
Mason,111,2020-5,4/17/2020,23010,12,60,13,POINT (-57.25 -41.25)
Mason,111,2020-5,4/18/2020,23010,12,60,12.7,POINT (-57.25 -41.25)
Mason,111,2020-5,4/19/2020,27155,12,60,12.7,POINT (-57.25 -41.25)
Mason,111,2020-5,4/20/2020,29146,12,60,13.4,POINT (-57.25 -41.25)
Mason,111,2020-5,4/21/2020,27378,12,60,13.7,POINT (-57.25 -40.75)
Mason,111,2020-5,4/22/2020,2704,12,60,13.7,POINT (-57.25 -40.75)
Mason,111,2020-5,4/23/2020,16536,12,60,13.4,POINT (-56.25 -41.25)
Mason,111,2020-5,4/24/2020,33176,12,60,13.5,POINT (-56.25 -40.25)
Mason,111,2020-5,4/25/2020,11908,12,60,13.2,POINT (-56.25 -40.25)
Mason,111,2020-5,4/26/2020,9100,12,60,13,POINT (-56.25 -40.25)
Mason,111,2020-5,4/27/2020,21788,12,60,13.3,POINT (-56.25 -39.75)
Mason,111,2020-5,4/28/2020,27378,12,60,13.1,POINT (-56.25 -40.25)
Mason,111,2020-5,5/2/2020,4420,12,60,14.8,POINT (-56.25 -39.75)
Mason,111,2020-5,5/3/2020,2184,12,60,11.2,POINT (-56.25 -39.75)
Mason,111,2020-5,5/4/2020,19604,12,60,10.2,POINT (-56.25 -39.75)
Mason,111,2020-5,5/5/2020,1248,12,60,10.4,POINT (-56.25 -39.75)
Mason,111,2020-6,5/12/2020,28756,12,60,9.5,POINT (-58.25 -42.25)
Mason,111,2020-6,5/13/2020,260,0,60,9.3,POINT (-58.25 -41.75)
Mason,111,2020-6,5/14/2020,17108,0,60,10.7,POINT (-58.25 -42.25)
Mason,111,2020-6,5/15/2020,468,0,60,10.7,POINT (-58.25 -41.75)
Mason,111,2020-6,5/20/2020,1560,0,60,9.5,POINT (-58.25 -42.25)
Mason,111,2020-6,5/21/2020,3484,0,60,8.9,POINT (-58.75 -42.25)
Mason,111,2020-6,5/25/2020,208,0,60,9,POINT (-59.25 -42.75)
Mason,111,2020-6,5/28/2020,208,0,60,12.7,POINT (-59.75 -41.75)
Mason,111,2020-6,5/29/2020,14092,0,60,12.7,POINT (-59.75 -42.25)
Mason,111,2020-6,5/30/2020,22490,0,60,11.9,POINT (-59.75 -42.25)
Mason,111,2020-6,5/31/2020,22646,0,60,11.4,POINT (-59.75 -42.25)
Mason,111,2020-6,6/1/2020,25922,0,60,11,POINT (-59.75 -42.25)
Mason,111,2020-6,6/2/2020,7462,0,60,10.9,POINT (-59.75 -42.75)
Mason,111,2020-7,6/7/2020,1014,12,60,11,POINT (-60.25 -42.75)
Mason,111,2020-7,6/8/2020,884,12,60,11.6,POINT (-60.25 -42.75)
Mason,111,2020-7,6/9/2020,16484,12,60,10.4,POINT (-59.75 -42.75)
Mason,111,2020-7,6/10/2020,1248,12,60,10.4,POINT (-59.75 -42.75)
Mason,111,2020-7,6/11/2020,8086,12,60,9.5,POINT (-59.75 -42.75)
Mason,111,2020-7,6/12/2020,17498,12,60,10.5,POINT (-60.25 -42.75)
Mason,111,2020-7,6/14/2020,3788,12,60,9.6,POINT (-60.25 -42.75)
Mason,111,2020-7,6/15/2020,12740,12,60,10,POINT (-60.25 -42.75)
Mason,111,2020-7,6/16/2020,13702,12,60,9.8,POINT (-60.25 -42.75)
Mason,111,2020-7,6/17/2020,2366,12,60,10.5,POINT (-60.25 -42.75)
Mason,111,2020-7,6/18/2020,26166,12,60,11.1,POINT (-59.25 -41.75)
Mason,111,2020-7,6/19/2020,10686,12,60,11.2,POINT (-59.25 -41.75)
Mason,111,2020-7,6/20/2020,18408,12,60,11.6,POINT (-59.25 -41.75)
Mason,111,2020-7,6/21/2020,25386,12,60,11.3,POINT (-59.25 -41.75)
Mason,111,2020-7,6/22/2020,21268,12,60,10.9,POINT (-59.25 -41.75)
Mason,111,2020-7,6/23/2020,8554,12,60,11,POINT (-59.25 -41.75)
Mason,111,2020-7,6/24/2020,2808,12,60,10.8,POINT (-59.75 -41.75)
Mason,111,2020-7,6/25/2020,6916,12,60,9.7,POINT (-59.25 -41.75)
Mason,111,2020-7,6/26/2020,7306,12,60,10.4,POINT (-59.25 -41.75)
Rey,112,2020-1,1/11/2020,45190,12,108,13.9,POINT (-62.25 -44.75)
Rey,112,2020-1,1/12/2020,30885,12,108,14.1,POINT (-62.25 -45.75)
Rey,112,2020-1,1/13/2020,8081,12,108,14.5,POINT (-61.75 -45.75)
Rey,112,2020-1,1/14/2020,7565,12,108,14.7,POINT (-61.75 -44.75)
Rey,112,2020-1,1/17/2020,11070,12,108,13.5,POINT (-61.75 -44.75)
Rey,112,2020-1,1/18/2020,24846,12,108,14.2,POINT (-63.25 -45.25)
Rey,112,2020-1,1/19/2020,50676,12,108,14.8,POINT (-63.75 -44.75)
Rey,112,2020-1,1/20/2020,44329,12,108,14.9,POINT (-63.75 -44.75)
Rey,112,2020-1,1/21/2020,50196,12,108,15.4,POINT (-63.75 -44.75)
Rey,112,2020-1,1/22/2020,6298,12,108,16.1,POINT (-64.75 -44.75)
Rey,112,2020-1,1/23/2020,13173,12,108,15.8,POINT (-63.25 -44.75)
Rey,112,2020-1,1/25/2020,32472,12,108,14.5,POINT (-62.25 -45.25)
Rey,112,2020-1,1/26/2020,34871,12,108,14.1,POINT (-62.25 -45.75)
Rey,112,2020-1,1/27/2020,13407,12,108,14.3,POINT (-62.75 -45.75)
Rey,112,2020-1,1/28/2020,26039,12,108,14.7,POINT (-63.75 -45.75)
Rey,112,2020-1,1/29/2020,12300,12,108,14.6,POINT (-62.75 -45.25)
Rey,112,2020-1,1/30/2020,13530,12,108,14.5,POINT (-62.75 -45.25)
Rey,112,2020-1,1/24/2020,14784,12,108,14.9,POINT (-62.25 -44.75)
Rey,112,2020-2,2/3/2020,50184,12,108,14.4,POINT (-62.25 -45.25)
Rey,112,2020-2,2/4/2020,50184,12,108,14.8,POINT (-62.25 -45.25)
Rey,112,2020-2,2/5/2020,25092,12,108,15.1,POINT (-62.25 -45.25)
Rey,112,2020-2,2/6/2020,21279,12,108,15.3,POINT (-62.25 -45.25)
Rey,112,2020-2,2/8/2020,31365,12,108,15.3,POINT (-62.75 -45.25)
Rey,112,2020-2,2/9/2020,56519,12,108,15.3,POINT (-62.25 -45.25)
Rey,112,2020-2,2/10/2020,12239,12,108,15.3,POINT (-62.25 -45.25)
Rey,112,2020-2,2/11/2020,20910,12,108,15.2,POINT (-62.25 -45.75)
Rey,112,2020-2,2/12/2020,38868,12,108,15.6,POINT (-62.25 -45.25)
Rey,112,2020-2,2/13/2020,24723,12,108,15.9,POINT (-62.25 -45.25)
Rey,112,2020-2,2/14/2020,27306,12,108,15.3,POINT (-62.25 -45.75)
Rey,112,2020-2,2/15/2020,40123,12,108,15.5,POINT (-62.25 -45.75)
Rey,112,2020-2,2/16/2020,30074,12,108,15.5,POINT (-62.25 -45.75)
Rey,112,2020-2,2/18/2020,40258,12,108,15.3,POINT (-62.25 -45.75)
Rey,112,2020-3,2/22/2020,17503,12,108,14.9,POINT (-62.75 -45.25)
Rey,112,2020-3,2/23/2020,10763,12,108,14.8,POINT (-62.25 -45.75)
Rey,112,2020-3,2/24/2020,28905,12,108,14.9,POINT (-62.25 -45.75)
Rey,112,2020-3,2/25/2020,9225,12,108,14.8,POINT (-62.25 -45.75)
Rey,112,2020-3,2/26/2020,8487,12,108,15.1,POINT (-62.75 -45.75)
Rey,112,2020-3,2/27/2020,16728,12,108,15,POINT (-62.25 -45.75)
Rey,112,2020-3,2/28/2020,18462,12,108,14.7,POINT (-62.25 -45.75)
Rey,112,2020-3,2/29/2020,4428,12,108,15.3,POINT (-62.25 -45.75)
Rey,112,2020-3,3/1/2020,4920,12,108,15.3,POINT (-62.25 -45.75)
Rey,112,2020-3,3/2/2020,15806,12,108,13.2,POINT (-60.75 -46.75)
Rey,112,2020-3,3/3/2020,24231,12,108,13.6,POINT (-60.75 -47.25)
Rey,112,2020-3,3/4/2020,21595,12,108,13.5,POINT (-60.75 -47.25)
Rey,112,2020-3,3/5/2020,16728,12,108,12.6,POINT (-60.75 -47.25)
Rey,112,2020-3,3/6/2020,52398,12,108,12.9,POINT (-60.75 -47.25)
Rey,112,2020-3,3/9/2020,8512,12,108,12.4,POINT (-60.75 -47.25)
Rey,112,2020-3,3/10/2020,7995,12,108,12.4,POINT (-60.75 -47.25)
Rey,112,2020-3,3/11/2020,3075,12,108,12.4,POINT (-60.75 -47.25)
Rey,112,2020-3,3/12/2020,11562,12,108,12.6,POINT (-60.75 -47.75)
Rey,112,2020-3,3/13/2020,7134,12,108,12.6,POINT (-60.75 -47.75)
Rey,112,2020-3,3/14/2020,12054,12,108,12.4,POINT (-60.75 -47.75)
Rey,112,2020-3,3/16/2020,4305,12,108,12.5,POINT (-60.75 -47.75)
Rey,112,2020-3,3/17/2020,13161,12,108,12.5,POINT (-60.75 -47.25)
Rey,112,2020-3,3/18/2020,9225,12,108,12.1,POINT (-60.75 -47.25)
Rey,112,2020-3,3/19/2020,1328,12,108,12.4,POINT (-60.75 -47.25)
Rey,112,2020-3,3/20/2020,15621,12,108,11.6,POINT (-60.75 -47.25)
Rey,112,2020-3,3/21/2020,1107,12,108,12.6,POINT (-60.75 -47.25)
Rey,112,2020-3,3/22/2020,3321,12,108,12.5,POINT (-60.75 -47.25)
Rey,112,2020-3,3/23/2020,861,12,108,12.3,POINT (-60.75 -47.25)
Rey,112,2020-3,3/24/2020,197,12,108,12.2,POINT (-60.75 -47.75)
Rey,112,2020-3,3/28/2020,70110,12,108,13.6,POINT (-59.75 -44.25)
Rey,112,2020-3,3/29/2020,23985,12,108,13.1,POINT (-59.75 -44.25)
Rey,112,2020-3,3/30/2020,21525,12,108,13.2,POINT (-59.75 -43.75)
Rey,112,2020-3,3/31/2020,8364,12,108,13.4,POINT (-59.75 -43.75)
Rey,112,2020-3,4/1/2020,7872,12,108,13.4,POINT (-59.75 -43.75)
Rey,112,2020-3,4/3/2020,75276,12,108,12.3,POINT (-58.75 -42.75)
Rey,112,2020-3,4/4/2020,13346,12,108,12.9,POINT (-58.75 -42.75)
Rey,112,2020-4,4/12/2020,32182,12,108,12.7,POINT (-57.75 -41.75)
Rey,112,2020-4,4/13/2020,65229,12,108,12.5,POINT (-57.75 -41.75)
Rey,112,2020-4,4/14/2020,57088,12,108,13,POINT (-57.75 -41.75)
Rey,112,2020-4,4/15/2020,3298,12,108,12.6,POINT (-57.75 -41.75)
Rey,112,2020-4,4/16/2020,52224,12,108,13.3,POINT (-57.25 -41.25)
Rey,112,2020-4,4/17/2020,10113,12,108,13.2,POINT (-57.25 -41.25)
Rey,112,2020-4,4/18/2020,23497,12,108,12.8,POINT (-57.25 -41.25)
Rey,112,2020-4,4/19/2020,66703,12,108,12.9,POINT (-56.75 -40.75)
Rey,112,2020-4,4/20/2020,52493,12,108,13.2,POINT (-56.75 -40.75)
Rey,112,2020-4,4/21/2020,45429,12,108,13.1,POINT (-56.75 -40.75)
Rey,112,2020-4,4/22/2020,21888,12,108,13,POINT (-56.75 -40.75)
Rey,112,2020-4,4/23/2020,25500,12,108,13.5,POINT (-56.75 -40.75)
Rey,112,2020-4,4/24/2020,20967,12,108,13.8,POINT (-56.75 -40.75)
Rey,112,2020-4,4/25/2020,25500,12,108,13.2,POINT (-56.25 -40.25)
Rey,112,2020-4,4/26/2020,7140,12,108,13.5,POINT (-56.25 -40.25)
Rey,112,2020-4,4/27/2020,4359,12,108,12.3,POINT (-56.75 -40.75)
Rey,112,2020-5,5/3/2020,9102,12,108,9.5,POINT (-56.75 -40.75)
Rey,112,2020-5,5/4/2020,18696,12,108,10.5,POINT (-56.75 -40.75)
Rey,112,2020-5,5/5/2020,7749,12,108,11.5,POINT (-56.75 -40.75)
Rey,112,2020-5,5/6/2020,18339,12,108,10.1,POINT (-56.75 -40.75)
Rey,112,2020-5,5/7/2020,6150,12,108,9.8,POINT (-56.75 -40.75)
Rey,112,2020-5,5/8/2020,5843,12,108,9.9,POINT (-56.75 -40.75)
Rey,112,2020-5,5/9/2020,19741,12,108,10.3,POINT (-57.25 -41.25)
Rey,112,2020-5,5/10/2020,5720,12,108,10.9,POINT (-57.25 -41.25)
Rey,112,2020-5,5/11/2020,3641,12,108,10.1,POINT (-57.25 -41.25)
Rey,112,2020-5,5/12/2020,26777,12,108,10.7,POINT (-58.25 -42.25)
Rey,112,2020-5,5/13/2020,8733,12,108,9.5,POINT (-58.25 -42.25)
Rey,112,2020-5,5/14/2020,37638,12,108,9.5,POINT (-58.25 -42.25)
Rey,112,2020-5,5/15/2020,11193,12,108,9.6,POINT (-58.25 -42.25)
Rey,112,2020-5,5/16/2020,14563,12,108,9.6,POINT (-58.75 -42.25)
Rey,112,2020-5,5/17/2020,7478,12,108,9.3,POINT (-58.75 -42.25)
Rey,112,2020-5,5/18/2020,37380,12,108,9.6,POINT (-58.75 -42.25)
Rey,112,2020-5,5/19/2020,2645,12,108,9.8,POINT (-58.75 -42.25)
Rey,112,2020-5,5/20/2020,6839,12,108,9.1,POINT (-58.75 -42.75)
Rey,112,2020-5,5/21/2020,5264,12,108,9.2,POINT (-58.75 -42.75)
Rey,112,2020-5,5/22/2020,16138,12,108,9.4,POINT (-59.25 -42.75)
Rey,112,2020-5,5/23/2020,5018,12,108,9.8,POINT (-58.75 -42.75)
Rey,112,2020-5,5/26/2020,3567,12,108,9.4,POINT (-58.75 -42.75)
Rey,112,2020-5,5/27/2020,812,12,108,9.3,POINT (-58.25 -42.25)
Rey,112,2020-5,5/28/2020,6654,12,108,12.5,POINT (-59.75 -42.75)
Rey,112,2020-5,5/29/2020,56457,12,108,11.1,POINT (-59.75 -42.75)
Rey,112,2020-5,5/30/2020,49938,12,108,11.3,POINT (-59.75 -42.75)
Rey,112,2020-5,5/31/2020,33087,12,108,11.4,POINT (-59.75 -42.75)
Rey,112,2020-5,6/1/2020,50184,12,108,11.5,POINT (-59.75 -42.25)
Rey,112,2020-5,6/2/2020,27687,12,108,11.1,POINT (-59.75 -42.25)
Rey,112,2020-6,6/8/2020,32447,12,108,11.5,POINT (-59.75 -42.75)
Rey,112,2020-6,6/9/2020,20910,12,108,11.4,POINT (-59.75 -42.75)
Rey,112,2020-6,6/10/2020,8610,12,108,10.7,POINT (-60.25 -42.75)
Rey,112,2020-6,6/11/2020,16605,12,108,10.5,POINT (-59.75 -42.75)
Rey,112,2020-6,6/12/2020,28081,12,108,10.7,POINT (-60.25 -42.75)
Rey,112,2020-6,6/13/2020,6654,12,108,11.3,POINT (-60.25 -42.75)
Rey,112,2020-6,6/15/2020,7995,12,108,10.9,POINT (-60.25 -42.75)
Rey,112,2020-6,6/16/2020,27490,12,108,10.9,POINT (-60.25 -42.75)
Rey,112,2020-6,6/17/2020,9348,12,108,11.9,POINT (-59.25 -41.75)
Rey,112,2020-6,6/18/2020,17281,12,108,11.8,POINT (-59.75 -41.75)
Rey,112,2020-6,6/19/2020,23370,12,108,11.4,POINT (-59.75 -41.75)
Rey,112,2020-6,6/20/2020,17257,12,108,11.5,POINT (-59.25 -41.75)
Rey,112,2020-6,6/21/2020,31758,12,108,11.2,POINT (-59.25 -41.75)
Rey,112,2020-6,6/22/2020,37392,12,108,11,POINT (-59.75 -41.75)
Rey,112,2020-6,6/23/2020,24846,12,108,11.4,POINT (-59.25 -41.75)
Rey,112,2020-6,6/24/2020,11980,12,108,11.6,POINT (-59.75 -41.75)
Rey,112,2020-6,6/25/2020,30381,12,108,11.8,POINT (-59.75 -41.75)
Rey,112,2020-6,6/26/2020,4920,12,108,10.6,POINT (-58.75 -41.75)
Rey,112,2020-6,6/27/2020,5461,12,108,10.9,POINT (-59.75 -41.75)
Rey,112,2020-6,6/28/2020,3333,12,108,11.4,POINT (-59.75 -41.75)
Rey,112,2020-6,6/29/2020,18450,12,108,11.2,POINT (-60.25 -41.75)
Rey,112,2020-6,6/30/2020,1673,12,108,10.7,POINT (-60.25 -41.75)
Korbin,113,2020-1,1/11/2020,27896,12,104,14.2,POINT (-62.25 -44.75)
Korbin,113,2020-1,1/12/2020,31033,12,104,14.4,POINT (-61.75 -44.75)
Korbin,113,2020-1,1/13/2020,20369,12,104,14.9,POINT (-61.75 -44.75)
Korbin,113,2020-1,1/14/2020,26543,12,104,14.8,POINT (-61.75 -44.75)
Korbin,113,2020-1,1/17/2020,8512,12,104,13.8,POINT (-62.25 -44.25)
Korbin,113,2020-1,1/18/2020,57835,12,104,15,POINT (-63.75 -44.75)
Korbin,113,2020-1,1/19/2020,26076,12,104,15.2,POINT (-63.75 -44.75)
Korbin,113,2020-1,1/20/2020,49175,12,104,15.3,POINT (-63.75 -44.75)
Korbin,113,2020-1,1/21/2020,44182,12,104,15.8,POINT (-63.75 -44.75)
Korbin,113,2020-1,1/22/2020,7786,12,104,16,POINT (-63.75 -44.75)
Korbin,113,2020-1,1/23/2020,11304,12,104,16.3,POINT (-63.25 -44.75)
Korbin,113,2020-1,1/24/2020,50959,12,104,15.3,POINT (-62.75 -45.25)
Korbin,113,2020-1,1/25/2020,16433,12,104,14.7,POINT (-62.25 -45.25)
Korbin,113,2020-1,1/26/2020,33013,12,104,14.3,POINT (-62.25 -45.25)
Korbin,113,2020-1,1/27/2020,16925,12,104,14.2,POINT (-62.25 -45.75)
Korbin,113,2020-1,1/28/2020,27392,12,104,14.4,POINT (-62.25 -45.75)
Korbin,113,2020-1,1/29/2020,21845,12,104,14.5,POINT (-62.75 -45.25)
Korbin,113,2020-2,2/2/2020,58007,12,104,15.4,POINT (-62.75 -45.75)
Korbin,113,2020-2,2/3/2020,51365,12,104,14.7,POINT (-62.25 -45.25)
Korbin,113,2020-2,2/4/2020,24022,12,104,14.9,POINT (-62.25 -45.25)
Korbin,113,2020-2,2/5/2020,46568,12,104,15,POINT (-62.25 -45.25)
Korbin,113,2020-2,2/6/2020,14588,12,104,15.5,POINT (-62.25 -45.25)
Korbin,113,2020-2,2/7/2020,58007,12,104,15.2,POINT (-62.25 -45.25)
Korbin,113,2020-2,2/8/2020,26027,12,104,15.6,POINT (-62.75 -45.25)
Korbin,113,2020-2,2/9/2020,56740,12,104,15.7,POINT (-62.25 -45.25)
Korbin,113,2020-2,2/10/2020,18893,12,104,15.5,POINT (-62.25 -45.25)
Korbin,113,2020-2,2/11/2020,12890,12,104,15.6,POINT (-62.25 -45.75)
Korbin,113,2020-2,2/12/2020,28782,12,104,15.9,POINT (-62.25 -45.25)
Korbin,113,2020-2,2/13/2020,37687,12,104,15.5,POINT (-62.25 -45.75)
Korbin,113,2020-2,2/14/2020,20615,12,104,15.4,POINT (-62.25 -45.75)
Korbin,113,2020-2,2/15/2020,31119,12,104,15.3,POINT (-62.75 -45.75)
Korbin,113,2020-2,2/16/2020,23616,12,104,15.5,POINT (-62.25 -45.75)
Korbin,113,2020-2,2/17/2020,54858,12,104,15.4,POINT (-62.25 -45.75)
Korbin,113,2020-2,2/18/2020,38819,12,104,15.3,POINT (-62.25 -45.75)
Korbin,113,2020-3,2/22/2020,17220,12,104,14.8,POINT (-62.75 -45.25)
Korbin,113,2020-3,2/23/2020,9594,12,104,14.5,POINT (-62.25 -45.75)
Korbin,113,2020-3,2/24/2020,19631,12,104,14.6,POINT (-62.25 -45.75)
Korbin,113,2020-3,2/25/2020,7921,12,104,14.7,POINT (-62.75 -45.75)
Korbin,113,2020-3,2/26/2020,5535,12,104,14.4,POINT (-62.25 -45.25)
Korbin,113,2020-3,2/27/2020,5314,12,104,14.5,POINT (-62.25 -44.75)
Korbin,113,2020-3,2/28/2020,11291,12,104,14.6,POINT (-62.25 -45.75)
Korbin,113,2020-3,2/29/2020,3567,12,104,14.8,POINT (-62.75 -45.75)
Korbin,113,2020-3,3/1/2020,10467,12,104,15.1,POINT (-62.75 -46.25)
Korbin,113,2020-3,3/2/2020,4748,12,104,12.5,POINT (-60.75 -47.25)
Korbin,113,2020-3,3/3/2020,1439,12,104,16.3,POINT (-63.25 -45.75)
Korbin,113,2020-3,3/4/2020,7798,12,104,12.3,POINT (-60.75 -47.75)
Korbin,113,2020-3,3/5/2020,5461,12,104,11.9,POINT (-61.25 -47.25)
Korbin,113,2020-3,3/6/2020,8573,12,104,12.1,POINT (-60.75 -47.25)
Korbin,113,2020-3,3/8/2020,3321,12,104,15.8,POINT (-62.25 -44.75)
Korbin,113,2020-3,3/9/2020,418,12,104,15.7,POINT (-62.25 -44.75)
Korbin,113,2020-3,3/10/2020,541,12,104,12,POINT (-60.75 -47.25)
Korbin,113,2020-3,3/11/2020,10910,12,104,11.6,POINT (-60.75 -47.75)
Korbin,113,2020-3,3/12/2020,1046,12,104,12.1,POINT (-60.75 -47.75)
Korbin,113,2020-3,3/13/2020,3764,12,104,11.8,POINT (-60.75 -47.75)
Korbin,113,2020-3,3/14/2020,1464,12,104,10.9,POINT (-60.75 -47.75)
Korbin,113,2020-3,3/15/2020,5597,12,104,11.8,POINT (-60.75 -47.75)
Korbin,113,2020-3,3/16/2020,1427,12,104,11.9,POINT (-60.75 -47.75)
Korbin,113,2020-3,3/17/2020,9668,12,104,11.6,POINT (-60.75 -47.25)
Korbin,113,2020-3,3/18/2020,5387,12,104,11.8,POINT (-60.75 -47.25)
Korbin,113,2020-3,3/19/2020,8672,12,104,11.3,POINT (-60.75 -47.25)
Korbin,113,2020-3,3/20/2020,1796,12,104,11.9,POINT (-60.75 -47.25)
Korbin,113,2020-3,3/21/2020,5535,12,104,11.8,POINT (-60.75 -47.75)
Korbin,113,2020-3,3/22/2020,5474,12,104,11.6,POINT (-60.75 -47.75)
Korbin,113,2020-3,3/23/2020,19422,12,104,11.7,POINT (-60.75 -47.75)
Korbin,113,2020-3,3/24/2020,2854,12,104,11.6,POINT (-60.75 -47.75)
Korbin,113,2020-3,3/25/2020,1451,12,104,11.7,POINT (-60.75 -47.75)
Korbin,113,2020-3,3/26/2020,824,12,104,11.6,POINT (-60.75 -47.75)
Korbin,113,2020-3,3/27/2020,1661,12,104,11.7,POINT (-60.75 -47.75)
Korbin,113,2020-3,3/28/2020,1169,12,104,11.6,POINT (-60.75 -47.75)
Korbin,113,2020-3,3/29/2020,4379,12,104,12.5,POINT (-59.75 -44.25)
Korbin,113,2020-3,3/30/2020,4133,12,104,12.8,POINT (-59.75 -44.25)
Korbin,113,2020-3,3/31/2020,590,12,104,12.9,POINT (-59.75 -43.75)
Korbin,113,2020-3,4/1/2020,185,12,104,12.9,POINT (-59.25 -43.75)
Korbin,113,2020-3,4/2/2020,46494,12,104,12.4,POINT (-58.75 -42.75)
Korbin,113,2020-3,4/3/2020,52964,12,104,11.6,POINT (-58.75 -42.75)
Korbin,113,2020-3,4/4/2020,54944,12,104,14.4,POINT (-57.75 -41.75)
Korbin,113,2020-3,4/5/2020,50602,12,104,13.3,POINT (-57.75 -41.75)
Korbin,113,2020-3,4/6/2020,46433,12,104,13.5,POINT (-57.75 -41.25)
Korbin,113,2020-3,4/7/2020,33210,12,104,13,POINT (-57.25 -40.75)
Korbin,113,2020-3,4/8/2020,31488,12,104,10.6,POINT (-57.25 -41.25)
Korbin,113,2020-3,4/9/2020,25067,12,104,10.9,POINT (-57.75 -41.75)
Korbin,113,2020-3,4/10/2020,8708,12,104,11.1,POINT (-57.25 -41.25)
Korbin,113,2020-3,4/11/2020,34686,12,104,11.5,POINT (-57.75 -41.75)
Korbin,113,2020-4,4/18/2020,26384,2,104,12.3,POINT (-58.75 -42.75)
Korbin,113,2020-4,4/19/2020,51328,12,104,12.9,POINT (-58.75 -42.75)
Korbin,113,2020-4,4/20/2020,27946,12,104,11.3,POINT (-58.75 -42.75)
Korbin,113,2020-4,4/21/2020,42952,12,104,11.9,POINT (-58.75 -42.75)
Korbin,113,2020-4,4/22/2020,47466,12,104,11.6,POINT (-58.75 -42.75)
Korbin,113,2020-4,4/23/2020,39926,12,104,11.4,POINT (-58.75 -42.75)
Korbin,113,2020-4,4/24/2020,6667,12,104,11.8,POINT (-58.75 -42.75)
Korbin,113,2020-4,4/25/2020,1304,12,104,11.4,POINT (-59.25 -42.75)
Korbin,113,2020-4,4/26/2020,40221,12,104,13.1,POINT (-56.25 -40.25)
Korbin,113,2020-4,4/27/2020,33382,12,104,12.9,POINT (-56.25 -40.25)
Korbin,113,2020-4,4/28/2020,51660,12,104,11.3,POINT (-58.75 -42.75)
Korbin,113,2020-4,4/29/2020,2509,12,104,9.9,POINT (-59.25 -43.25)
Korbin,113,2020-4,4/30/2020,1205,12,104,9.4,POINT (-58.75 -42.75)
Korbin,113,2020-4,5/1/2020,4846,12,104,9.5,POINT (-58.75 -42.75)
Korbin,113,2020-4,5/3/2020,1427,12,104,9.6,POINT (-57.75 -41.75)
Korbin,113,2020-4,5/4/2020,36556,12,104,9.1,POINT (-57.25 -41.25)
Korbin,113,2020-4,5/5/2020,44305,12,104,9.4,POINT (-56.75 -40.75)
Korbin,113,2020-4,5/6/2020,16851,12,104,9.5,POINT (-56.75 -40.75)
Korbin,113,2020-4,5/7/2020,11095,12,104,9.7,POINT (-56.75 -40.75)
Korbin,113,2020-4,5/8/2020,11611,12,104,9.4,POINT (-57.25 -41.25)
Korbin,113,2020-4,5/9/2020,271,12,104,9.5,POINT (-57.25 -41.25)
Korbin,113,2020-4,5/10/2020,1304,12,104,10.4,POINT (-57.25 -41.25)
Korbin,113,2020-4,5/11/2020,16605,12,104,10,POINT (-58.25 -42.25)
Korbin,113,2020-4,5/12/2020,20147,12,104,9.9,POINT (-58.25 -42.25)
Korbin,113,2020-4,5/13/2020,18475,12,104,10,POINT (-58.25 -41.75)
Korbin,113,2020-4,5/14/2020,1353,12,104,10.3,POINT (-58.25 -42.25)
Korbin,113,2020-4,5/15/2020,5412,12,104,8.9,POINT (-58.25 -42.25)
Korbin,113,2020-4,5/16/2020,15080,12,104,8.8,POINT (-58.25 -42.25)
Korbin,113,2020-4,5/17/2020,3444,12,104,8.9,POINT (-58.25 -42.25)
Korbin,113,2020-4,5/20/2020,79077,12,104,8.8,POINT (-58.75 -42.75)
Korbin,113,2020-4,5/21/2020,1919,12,104,8.5,POINT (-58.75 -42.75)
Korbin,113,2020-4,5/22/2020,812,12,104,8.7,POINT (-59.25 -43.75)
Korbin,113,2020-4,5/23/2020,11119,12,104,8.6,POINT (-59.25 -43.25)
Korbin,113,2020-4,5/24/2020,738,12,104,8.2,POINT (-58.75 -42.75)
Korbin,113,2020-4,5/26/2020,221,12,104,8.2,POINT (-58.75 -42.75)
Korbin,113,2020-4,5/27/2020,566,12,104,8.4,POINT (-58.25 -42.25)
Korbin,113,2020-4,5/28/2020,29200,12,104,12,POINT (-60.25 -42.75)
Korbin,113,2020-4,5/29/2020,32349,12,104,11.8,POINT (-59.75 -42.75)
Korbin,113,2020-4,5/30/2020,39864,12,104,12,POINT (-59.75 -42.75)
Korbin,113,2020-4,5/31/2020,31783,12,104,11.6,POINT (-59.75 -42.75)
Korbin,113,2020-4,6/1/2020,17503,12,104,11,POINT (-59.75 -42.75)
Korbin,113,2020-5,6/7/2020,3813,12,104,11,POINT (-60.25 -42.75)
Korbin,113,2020-5,6/8/2020,12362,12,104,11.1,POINT (-59.75 -42.75)
Korbin,113,2020-5,6/9/2020,3001,12,104,10.7,POINT (-59.75 -42.75)
Korbin,113,2020-5,6/10/2020,21587,12,104,10.6,POINT (-59.75 -42.75)
Korbin,113,2020-5,6/11/2020,24182,12,104,10.2,POINT (-60.25 -42.75)
Korbin,113,2020-5,6/12/2020,21796,12,104,10.6,POINT (-60.25 -42.75)
Korbin,113,2020-5,6/13/2020,4772,12,104,10.5,POINT (-60.25 -42.75)
Korbin,113,2020-5,6/14/2020,9225,12,104,9.7,POINT (-60.25 -42.25)
Korbin,113,2020-5,6/15/2020,5264,12,104,10.1,POINT (-60.25 -42.75)
Korbin,113,2020-5,6/16/2020,18868,12,104,10.3,POINT (-60.25 -42.75)
Korbin,113,2020-5,6/17/2020,1181,12,104,9.8,POINT (-59.75 -42.25)
Korbin,113,2020-5,6/21/2020,13100,12,104,11.1,POINT (-59.75 -41.75)
Korbin,113,2020-5,6/22/2020,45904,12,104,10.2,POINT (-59.25 -41.75)
Korbin,113,2020-5,6/23/2020,27478,12,104,10.7,POINT (-59.75 -42.25)
Korbin,113,2020-5,6/24/2020,6950,12,104,10.2,POINT (-59.25 -42.25)
Korbin,113,2020-5,6/25/2020,10676,12,104,10.1,POINT (-59.75 -41.75)
Korbin,113,2020-5,6/26/2020,7036,12,104,9.6,POINT (-59.75 -41.75)
Korbin,113,2020-5,6/27/2020,603,12,104,9.5,POINT (-59.75 -41.75)
Korbin,113,2020-5,6/28/2020,3604,12,104,10.3,POINT (-60.25 -41.75)
Korbin,113,2020-5,6/29/2020,6199,12,104,9.8,POINT (-60.75 -42.25)
Korbin,113,2020-5,6/30/2020,2337,12,104,10.4,POINT (-60.25 -41.75)
Armani,114,2020-1,1/16/2020,8760,12,88,15.5,POINT (-62.25 -44.25)
Armani,114,2020-1,1/17/2020,18240,12,88,15.3,POINT (-63.25 -44.75)
Armani,114,2020-1,1/18/2020,10980,12,88,15.2,POINT (-63.25 -44.75)
Armani,114,2020-1,1/19/2020,17880,12,88,15,POINT (-63.75 -44.25)
Armani,114,2020-1,1/23/2020,12620,12,88,15,POINT (-62.25 -45.25)
Armani,114,2020-1,1/24/2020,18300,12,88,15.9,POINT (-62.25 -45.25)
Armani,114,2020-1,1/25/2020,12920,12,88,14.9,POINT (-62.25 -45.25)
Armani,114,2020-1,1/26/2020,16400,12,88,14.9,POINT (-62.25 -45.25)
Armani,114,2020-1,1/27/2020,13340,12,88,14.9,POINT (-62.25 -45.25)
Armani,114,2020-1,1/28/2020,17340,12,88,15.3,POINT (-62.25 -45.25)
Armani,114,2020-1,1/29/2020,18100,12,88,15.3,POINT (-62.25 -45.25)
Armani,114,2020-1,1/30/2020,18500,12,88,16,POINT (-61.75 -45.75)
Armani,114,2020-1,1/31/2020,29940,12,88,16.2,POINT (-62.25 -45.75)
Armani,114,2020-1,2/1/2020,21820,12,88,15.9,POINT (-62.25 -45.25)
Armani,114,2020-1,2/2/2020,36180,12,100,15.5,POINT (-62.25 -45.25)
Armani,114,2020-1,2/3/2020,27260,12,100,15,POINT (-62.25 -45.25)
Armani,114,2020-1,2/4/2020,11640,12,100,15,POINT (-62.25 -45.75)
Armani,114,2020-1,2/5/2020,13040,12,100,15.1,POINT (-62.75 -45.25)
Armani,114,2020-2,2/10/2020,21620,12,100,15.5,POINT (-62.25 -45.25)
Armani,114,2020-2,2/11/2020,23000,12,100,15.5,POINT (-62.25 -45.25)
Armani,114,2020-2,2/12/2020,24000,12,100,15.5,POINT (-62.25 -45.25)
Armani,114,2020-2,2/13/2020,20240,12,100,15.5,POINT (-62.25 -45.25)
Armani,114,2020-2,2/14/2020,20400,12,100,15.5,POINT (-62.25 -45.25)
Armani,114,2020-2,2/15/2020,26200,12,100,15.5,POINT (-62.25 -45.75)
Armani,114,2020-2,2/16/2020,14080,12,100,15.5,POINT (-62.25 -45.75)
Armani,114,2020-2,2/17/2020,26560,12,100,15.5,POINT (-62.25 -45.75)
Armani,114,2020-2,2/18/2020,22740,12,100,15.3,POINT (-62.25 -45.25)
Armani,114,2020-2,2/19/2020,17820,12,100,15.2,POINT (-62.25 -45.25)
Armani,114,2020-2,2/20/2020,19840,12,100,15,POINT (-62.25 -45.25)
Armani,114,2020-2,2/21/2020,25940,12,100,15,POINT (-62.25 -45.25)
Armani,114,2020-2,2/22/2020,15500,12,100,15,POINT (-62.25 -45.25)
Armani,114,2020-2,2/23/2020,5820,12,100,14.8,POINT (-62.25 -45.75)
Armani,114,2020-2,2/24/2020,6500,12,100,15,POINT (-62.25 -45.75)
Armani,114,2020-2,2/25/2020,5000,12,100,15.9,POINT (-62.75 -45.25)
Armani,114,2020-2,2/26/2020,5720,12,100,14.9,POINT (-62.75 -44.75)
Armani,114,2020-3,3/1/2020,7000,12,100,15.5,POINT (-62.75 -44.25)
Armani,114,2020-3,3/2/2020,7500,12,100,15.5,POINT (-62.75 -44.25)
Armani,114,2020-3,3/3/2020,10020,12,100,15.5,POINT (-62.75 -44.25)
Armani,114,2020-3,3/4/2020,6620,12,100,15.5,POINT (-62.25 -45.75)
Armani,114,2020-3,3/5/2020,1620,12,100,15.5,POINT (-62.25 -45.25)
Armani,114,2020-3,3/6/2020,5000,12,100,15.5,POINT (-62.25 -44.75)
Armani,114,2020-3,3/7/2020,6180,12,100,15.5,POINT (-62.25 -44.75)
Armani,114,2020-3,3/8/2020,2820,12,100,15.5,POINT (-62.25 -44.75)
Armani,114,2020-3,3/9/2020,1600,12,100,15.5,POINT (-62.25 -44.75)
Armani,114,2020-3,3/10/2020,1840,12,100,15.5,POINT (-61.75 -44.75)
Armani,114,2020-3,3/12/2020,9440,12,100,15,POINT (-60.75 -47.25)
Armani,114,2020-3,3/13/2020,7800,12,100,15,POINT (-60.75 -47.75)
Armani,114,2020-3,3/14/2020,4980,12,100,14.8,POINT (-60.75 -47.75)
Armani,114,2020-3,3/15/2020,5000,12,100,15,POINT (-60.75 -47.25)
Armani,114,2020-3,3/16/2020,1760,12,100,15,POINT (-60.75 -47.25)
Armani,114,2020-3,3/17/2020,4560,12,100,14.9,POINT (-60.75 -47.75)
Armani,114,2020-3,3/18/2020,3800,12,100,14.9,POINT (-60.75 -47.25)
Armani,114,2020-3,3/19/2020,1980,12,100,14.9,POINT (-60.75 -47.75)
Armani,114,2020-3,3/20/2020,2080,12,100,15.3,POINT (-60.75 -47.75)
Armani,114,2020-3,3/22/2020,4460,12,100,16,POINT (-60.75 -47.25)
Armani,114,2020-3,3/23/2020,4220,12,100,16.2,POINT (-60.75 -47.25)
Armani,114,2020-3,3/24/2020,2500,12,100,15.9,POINT (-60.75 -47.25)
Armani,114,2020-3,3/25/2020,12760,12,100,15.5,POINT (-60.75 -48.25)
Armani,114,2020-3,3/26/2020,2300,12,100,15,POINT (-60.75 -47.25)
Armani,114,2020-3,3/29/2020,7920,12,100,15,POINT (-59.75 -44.25)
Armani,114,2020-3,3/31/2020,6320,12,100,14.9,POINT (-59.75 -44.25)
Armani,114,2020-3,4/6/2020,43680,12,100,14.9,POINT (-57.75 -41.75)
Armani,114,2020-3,4/7/2020,30900,12,100,14.5,POINT (-57.75 -41.25)
Armani,114,2020-3,4/8/2020,12600,12,100,14.5,POINT (-57.25 -41.25)
Armani,114,2020-3,4/9/2020,19620,12,100,14.5,POINT (-57.25 -41.25)
Armani,114,2020-3,4/10/2020,35480,12,100,14.5,POINT (-57.75 -41.25)
Armani,114,2020-3,4/11/2020,27880,12,100,14.5,POINT (-57.25 -41.25)
Armani,114,2020-4,4/18/2020,20320,12,100,15.5,POINT (-57.25 -41.25)
Armani,114,2020-4,4/19/2020,6000,12,100,15.5,POINT (-57.25 -41.25)
Armani,114,2020-4,4/20/2020,42740,12,100,15.5,POINT (-56.75 -40.75)
Armani,114,2020-4,4/21/2020,31000,12,100,15.5,POINT (-56.75 -40.75)
Armani,114,2020-4,4/22/2020,42120,12,100,15.5,POINT (-56.75 -40.75)
Armani,114,2020-4,4/23/2020,49880,12,100,15.5,POINT (-56.75 -40.75)
Armani,114,2020-4,4/24/2020,45280,12,100,15.5,POINT (-56.75 -40.75)
Armani,114,2020-4,4/25/2020,30320,12,100,15.3,POINT (-56.75 -40.75)
Armani,114,2020-4,4/26/2020,34960,12,100,15.2,POINT (-56.75 -40.75)
Armani,114,2020-4,4/27/2020,40600,12,100,15,POINT (-56.25 -40.25)
Armani,114,2020-4,4/28/2020,27680,12,100,15,POINT (-56.25 -40.25)
Armani,114,2020-4,5/1/2020,27920,12,100,15,POINT (-56.25 -40.25)
Armani,114,2020-4,5/2/2020,11480,12,100,15.9,POINT (-56.25 -40.25)
Armani,114,2020-4,5/3/2020,6760,12,100,14.9,POINT (-56.25 -40.25)
Armani,114,2020-4,5/4/2020,19520,12,100,14.9,POINT (-56.75 -40.25)
Armani,114,2020-4,5/5/2020,6000,12,100,14.9,POINT (-56.75 -40.75)
Armani,114,2020-4,5/7/2020,5840,12,100,15.3,POINT (-56.75 -40.75)
Armani,114,2020-4,5/8/2020,5480,12,100,16,POINT (-56.75 -40.75)
Armani,114,2020-4,5/9/2020,6080,12,100,16.2,POINT (-56.75 -40.75)
Armani,114,2020-4,5/10/2020,5840,12,100,15.9,POINT (-56.75 -40.75)
Armani,114,2020-4,5/11/2020,39880,12,100,15.5,POINT (-56.75 -40.75)
Armani,114,2020-4,5/12/2020,4040,12,100,15,POINT (-56.25 -40.25)
Armani,114,2020-5,5/19/2020,2760,12,100,15.5,POINT (-58.75 -42.75)
Armani,114,2020-5,5/20/2020,2360,12,100,15.5,POINT (-58.75 -42.25)
Armani,114,2020-5,5/22/2020,6480,12,100,15.5,POINT (-58.75 -42.75)
Armani,114,2020-5,5/23/2020,3600,12,100,15.5,POINT (-58.75 -42.75)
Armani,114,2020-5,5/24/2020,2840,12,100,15.5,POINT (-58.75 -41.75)
Armani,114,2020-5,5/25/2020,5760,12,100,15.3,POINT (-58.75 -42.75)
Armani,114,2020-5,5/26/2020,21840,12,100,15.2,POINT (-58.75 -42.75)
Armani,114,2020-5,5/28/2020,19240,12,100,15,POINT (-58.25 -42.25)
Armani,114,2020-5,5/29/2020,400,12,100,15,POINT (-58.25 -42.25)
Armani,114,2020-5,5/30/2020,26140,12,100,14.8,POINT (-59.75 -42.75)
Armani,114,2020-5,5/31/2020,23700,12,100,15,POINT (-60.25 -42.75)
Armani,114,2020-5,6/1/2020,25540,12,100,15.9,POINT (-59.75 -42.75)
Armani,114,2020-5,6/2/2020,34580,12,100,14.9,POINT (-59.75 -42.75)
Armani,114,2020-5,6/3/2020,36080,12,100,14.9,POINT (-59.75 -42.75)
Armani,114,2020-5,6/4/2020,33020,12,100,14.9,POINT (-59.25 -42.75)
Armani,114,2020-5,6/5/2020,3820,12,100,15.3,POINT (-59.25 -42.75)
Armani,114,2020-5,6/6/2020,37340,12,100,15.3,POINT (-59.75 -42.75)
Armani,114,2020-5,6/7/2020,20380,12,100,16,POINT (-59.75 -42.75)
Armani,114,2020-5,6/8/2020,17560,12,100,16.2,POINT (-59.75 -42.75)
Armani,114,2020-5,6/9/2020,45940,12,100,15.9,POINT (-59.75 -42.75)
Armani,114,2020-5,6/11/2020,42740,12,100,15,POINT (-59.75 -42.75)
Armani,114,2020-5,6/12/2020,27540,12,100,15,POINT (-59.75 -42.75)
Armani,114,2020-5,6/13/2020,5900,12,100,15.1,POINT (-59.75 -42.75)
Armani,114,2020-5,6/14/2020,2980,12,100,15,POINT (-59.75 -42.75)
Armani,114,2020-6,6/22/2020,16360,12,100,15.5,POINT (-59.25 -41.75)
Armani,114,2020-6,6/23/2020,31500,12,100,15.5,POINT (-59.75 -42.25)
Armani,114,2020-6,6/24/2020,16720,12,100,15.5,POINT (-59.25 -41.75)
Armani,114,2020-6,6/25/2020,27960,12,100,15.5,POINT (-59.25 -41.75)
Armani,114,2020-6,6/26/2020,5240,12,100,15.5,POINT (-59.75 -41.75)
Armani,114,2020-6,6/27/2020,3600,12,100,15.5,POINT (-59.25 -41.75)
Armani,114,2020-6,6/28/2020,3080,12,100,15.5,POINT (-58.75 -41.75)
Armani,114,2020-6,6/30/2020,1440,12,100,15.2,POINT (-60.25 -41.75)
Rodney,115,2020-1,1/18/2020,6190,12,100,14.2,POINT (-61.25 -43.75)
Rodney,115,2020-1,1/19/2020,19020,12,100,14.9,POINT (-63.75 -44.75)
Rodney,115,2020-1,1/20/2020,15970,12,100,15.1,POINT (-63.75 -44.75)
Rodney,115,2020-1,1/21/2020,29600,12,100,16.1,POINT (-63.75 -44.75)
Rodney,115,2020-1,1/22/2020,5410,12,100,16.8,POINT (-63.75 -44.75)
Rodney,115,2020-1,1/23/2020,21940,12,100,16.2,POINT (-62.25 -44.75)
Rodney,115,2020-1,1/24/2020,10580,12,100,15.7,POINT (-62.25 -44.75)
Rodney,115,2020-1,1/25/2020,21950,12,100,14.7,POINT (-62.25 -45.75)
Rodney,115,2020-1,1/26/2020,24250,12,100,14.7,POINT (-62.25 -45.25)
Rodney,115,2020-1,1/27/2020,22070,12,100,14.3,POINT (-62.25 -45.25)
Rodney,115,2020-1,1/28/2020,19400,12,100,14.6,POINT (-62.25 -45.25)
Rodney,115,2020-1,1/29/2020,26720,12,100,14.5,POINT (-61.75 -45.25)
Rodney,115,2020-1,1/30/2020,18820,12,100,14.3,POINT (-61.75 -45.75)
Rodney,115,2020-1,1/31/2020,19120,12,100,14.1,POINT (-62.25 -45.75)
Rodney,115,2020-1,2/1/2020,21590,12,100,14.4,POINT (-62.25 -45.25)
Rodney,115,2020-1,2/2/2020,47500,12,100,14.8,POINT (-62.25 -45.25)
Rodney,115,2020-1,2/3/2020,35300,12,100,14.7,POINT (-62.25 -45.25)
Rodney,115,2020-1,2/4/2020,12900,12,100,15.1,POINT (-62.25 -45.25)
Rodney,115,2020-1,2/5/2020,38800,12,100,15.6,POINT (-62.25 -45.25)
Rodney,115,2020-1,2/6/2020,23020,12,100,16,POINT (-62.25 -45.25)
Rodney,115,2020-1,2/7/2020,38780,12,100,15.1,POINT (-62.25 -45.25)
Rodney,115,2020-1,2/8/2020,38550,12,100,15.3,POINT (-62.25 -45.25)
Rodney,115,2020-1,2/9/2020,29100,12,100,15.6,POINT (-62.25 -45.25)
Rodney,115,2020-1,2/10/2020,29900,12,100,15.5,POINT (-62.25 -45.25)
Rodney,115,2020-1,2/11/2020,18330,12,100,15.7,POINT (-62.25 -45.25)
Rodney,115,2020-1,2/12/2020,13040,12,100,15.8,POINT (-61.75 -45.25)
Rodney,115,2020-1,2/13/2020,12460,12,100,16.1,POINT (-62.25 -45.25)
Rodney,115,2020-1,2/14/2020,23350,12,100,16.3,POINT (-62.25 -45.25)
Rodney,115,2020-1,2/15/2020,42650,12,100,16.3,POINT (-62.75 -45.75)
Rodney,115,2020-1,2/16/2020,9800,12,100,16.1,POINT (-62.75 -45.75)
Rodney,115,2020-2,2/22/2020,16220,12,100,14.9,POINT (-62.75 -45.25)
Rodney,115,2020-2,2/23/2020,10120,12,100,14.8,POINT (-62.25 -45.75)
Rodney,115,2020-2,2/24/2020,14400,12,100,14.9,POINT (-62.25 -45.75)
Rodney,115,2020-2,2/25/2020,4410,12,100,15,POINT (-62.75 -45.25)
Rodney,115,2020-2,2/26/2020,6340,12,100,14.4,POINT (-62.25 -45.75)
Rodney,115,2020-2,2/28/2020,14250,12,100,4.8,POINT (-62.25 -45.75)
Rodney,115,2020-2,2/29/2020,4070,12,100,15,POINT (-62.75 -45.75)
Rodney,115,2020-2,3/1/2020,2340,12,100,15.2,POINT (-62.25 -45.75)
Rodney,115,2020-2,3/2/2020,2880,12,100,14.5,POINT (-61.75 -46.25)
Rodney,115,2020-2,3/3/2020,33250,12,100,13.4,POINT (-61.25 -47.75)
Rodney,115,2020-2,3/4/2020,12370,12,100,13,POINT (-61.25 -47.75)
Rodney,115,2020-2,3/5/2020,13550,12,100,15.5,POINT (-61.25 -48.25)
Rodney,115,2020-2,3/6/2020,2120,12,100,14.4,POINT (-63.25 -47.75)
Rodney,115,2020-2,3/9/2020,800,12,100,16,POINT (-62.25 -44.75)
Rodney,115,2020-2,3/10/2020,1060,12,100,12.2,POINT (-60.75 -46.75)
Rodney,115,2020-2,3/11/2020,2700,12,100,15.1,POINT (-61.25 -48.25)
Rodney,115,2020-2,3/13/2020,3050,12,100,12,POINT (-60.75 -47.75)
Rodney,115,2020-2,3/14/2020,1090,12,100,11.9,POINT (-60.75 -47.75)
Rodney,115,2020-2,3/15/2020,2150,12,100,12,POINT (-60.75 -47.75)
Rodney,115,2020-2,3/16/2020,11050,12,100,11.9,POINT (-60.75 -47.75)
Rodney,115,2020-2,3/17/2020,2930,12,100,12,POINT (-60.75 -47.75)
Rodney,115,2020-2,3/18/2020,9250,12,100,11.2,POINT (-60.75 -47.25)
Rodney,115,2020-2,3/21/2020,5550,12,100,12,POINT (-60.75 -47.75)
Rodney,115,2020-2,3/22/2020,4900,12,100,11.9,POINT (-60.75 -47.25)
Rodney,115,2020-2,3/23/2020,480,12,100,11.9,POINT (-60.75 -47.25)
Rodney,115,2020-2,3/25/2020,4550,12,100,11.8,POINT (-60.75 -47.25)
Rodney,115,2020-2,3/28/2020,4740,12,100,14,POINT (-59.75 -44.25)
Rodney,115,2020-2,3/29/2020,10200,12,100,13,POINT (-59.75 -43.75)
Rodney,115,2020-2,3/30/2020,18400,12,100,13.3,POINT (-59.75 -44.25)
Rodney,115,2020-2,3/31/2020,2370,12,100,13.5,POINT (-59.75 -44.25)
Rodney,115,2020-2,4/1/2020,52600,12,100,13.4,POINT (-59.75 -44.25)
Rodney,115,2020-2,4/2/2020,1170,12,100,13.1,POINT (-59.75 -44.25)
Rodney,115,2020-2,4/3/2020,48000,12,100,13.4,POINT (-57.75 -41.25)
Rodney,115,2020-2,4/4/2020,38020,12,100,12.9,POINT (-57.25 -41.25)
Rodney,115,2020-2,4/5/2020,43200,12,100,12.8,POINT (-57.25 -41.25)
Rodney,115,2020-2,4/6/2020,32150,12,100,13.5,POINT (-57.25 -41.25)
Rodney,115,2020-2,4/7/2020,23700,12,100,12,POINT (-57.25 -40.75)
Rodney,115,2020-2,4/8/2020,43200,12,100,12,POINT (-57.75 -41.75)
Rodney,115,2020-2,4/9/2020,28800,12,100,12,POINT (-57.25 -41.25)
Rodney,115,2020-2,4/10/2020,38020,12,100,12,POINT (-57.25 -41.25)
Rodney,115,2020-2,4/11/2020,32000,12,100,12,POINT (-57.25 -41.25)
Rodney,115,2020-2,4/12/2020,27500,12,100,12,POINT (-57.25 -40.75)
Rodney,115,2020-2,3/8/2020,3300,12,100,16,POINT (-62.25 -44.75)
Rodney,115,2020-3,4/17/2020,38700,12,100,12.8,POINT (-57.25 -41.25)
Rodney,115,2020-3,4/18/2020,45350,12,100,12.1,POINT (-57.25 -41.25)
Rodney,115,2020-3,4/20/2020,48500,12,100,12.2,POINT (-57.25 -41.25)
Rodney,115,2020-3,4/19/2020,40970,12,100,13.3,POINT (-57.25 -41.25)
Rodney,115,2020-3,4/21/2020,22710,12,100,12.9,POINT (-57.25 -41.25)
Rodney,115,2020-3,4/22/2020,53380,12,100,13.3,POINT (-56.25 -40.75)
Rodney,115,2020-3,4/23/2020,46860,12,100,12.8,POINT (-56.75 -41.75)
Rodney,115,2020-3,4/24/2020,48700,12,100,13.3,POINT (-56.25 -40.25)
Rodney,115,2020-3,4/25/2020,41500,12,100,13.7,POINT (-56.25 -40.25)
Rodney,115,2020-3,4/26/2020,48700,12,100,13,POINT (-56.25 -40.25)
Rodney,115,2020-3,4/27/2020,41160,12,100,11.6,POINT (-56.75 -40.25)
Rodney,115,2020-3,4/28/2020,46040,12,100,11.5,POINT (-56.25 -40.25)
Rodney,115,2020-3,4/30/2020,38960,12,100,9.8,POINT (-56.75 -40.75)
Rodney,115,2020-3,5/1/2020,29220,12,100,10.5,POINT (-56.75 -40.75)
Rodney,115,2020-3,5/2/2020,8910,12,100,9.7,POINT (-56.75 -40.75)
Rodney,115,2020-3,5/3/2020,23410,12,100,10.4,POINT (-56.25 -40.25)
Rodney,115,2020-3,5/4/2020,24080,12,100,10,POINT (-56.25 -40.25)
Rodney,115,2020-4,5/8/2020,2300,12,100,10,POINT (-56.25 -40.25)
Rodney,115,2020-4,5/10/2020,11750,12,100,9.8,POINT (-58.25 -41.75)
Rodney,115,2020-4,5/11/2020,26300,12,100,10,POINT (-57.75 -41.75)
Rodney,115,2020-4,5/12/2020,15880,12,100,9.9,POINT (-58.25 -41.75)
Rodney,115,2020-4,5/14/2020,38960,12,100,9.3,POINT (-58.25 -42.25)
Rodney,115,2020-4,5/15/2020,43820,12,100,8.7,POINT (-58.25 -42.25)
Rodney,115,2020-4,5/16/2020,48700,12,100,8.9,POINT (-58.25 -42.25)
Rodney,115,2020-4,5/17/2020,14580,12,100,9.2,POINT (-58.25 -42.25)
Rodney,115,2020-4,5/18/2020,2300,12,100,9,POINT (-58.25 -42.25)
Rodney,115,2020-4,5/19/2020,38400,12,100,9.1,POINT (-58.75 -42.25)
Rodney,115,2020-4,5/20/2020,29500,12,100,8.7,POINT (-58.75 -42.25)
Rodney,115,2020-4,5/21/2020,4560,12,100,8.9,POINT (-58.75 -42.25)
Rodney,115,2020-4,5/22/2020,6070,12,100,8.9,POINT (-59.25 -43.25)
Rodney,115,2020-4,5/23/2020,29570,12,100,9,POINT (-58.75 -42.75)
Rodney,115,2020-4,5/25/2020,5010,12,100,8.5,POINT (-58.75 -42.75)
Rodney,115,2020-4,5/26/2020,37170,12,100,8.6,POINT (-58.75 -42.75)
Rodney,115,2020-4,5/27/2020,10180,12,100,8.8,POINT (-58.75 -42.75)
Rodney,115,2020-4,5/29/2020,49590,12,100,11,POINT (-59.75 -42.75)
Rodney,115,2020-4,5/30/2020,39720,12,100,11.7,POINT (-59.75 -42.75)
Rodney,115,2020-4,5/31/2020,46790,12,100,11.5,POINT (-59.75 -42.75)
Rodney,115,2020-4,6/1/2020,30720,12,100,11.1,POINT (-59.75 -42.75)
Rodney,115,2020-4,6/2/2020,37720,12,100,11.5,POINT (-59.75 -42.75)
Rodney,115,2020-4,6/3/2020,38800,12,100,11.5,POINT (-59.75 -42.75)
Rodney,115,2020-4,6/4/2020,47390,12,100,10.8,POINT (-59.25 -42.75)
Rodney,115,2020-4,6/5/2020,6040,12,100,10.3,POINT (-59.25 -42.75)
Rodney,115,2020-4,6/6/2020,17720,12,100,10.2,POINT (-59.25 -42.75)
Rodney,115,2020-5,6/12/2020,26920,12,100,10.2,POINT (-59.75 -42.75)
Rodney,115,2020-5,6/13/2020,30130,12,100,10.1,POINT (-59.75 -42.75)
Rodney,115,2020-5,6/14/2020,11730,12,100,9.6,POINT (-59.75 -42.75)
Rodney,115,2020-5,6/15/2020,5580,12,100,9.2,POINT (-59.75 -42.75)
Rodney,115,2020-5,6/16/2020,2040,12,100,10.4,POINT (-60.25 -42.75)
Rodney,115,2020-5,6/17/2020,3390,12,100,11.1,POINT (-60.25 -42.75)
Rodney,115,2020-5,6/18/2020,23350,12,100,11.5,POINT (-59.25 -41.75)
Rodney,115,2020-5,6/19/2020,38130,12,100,11.5,POINT (-59.25 -41.75)
Rodney,115,2020-5,6/20/2020,29780,12,100,11.4,POINT (-59.25 -41.75)
Rodney,115,2020-5,6/21/2020,21790,12,100,11,POINT (-59.25 -41.75)
Rodney,115,2020-5,6/22/2020,20410,12,100,11.2,POINT (-59.25 -41.75)
Rodney,115,2020-5,6/25/2020,23330,12,100,10.3,POINT (-59.25 -41.75)
Rodney,115,2020-5,6/26/2020,8120,12,100,10.9,POINT (-59.25 -41.75)
Rodney,115,2020-5,6/27/2020,2530,12,100,10.6,POINT (-59.25 -41.25)
